{"cameraMode":{"drawMode":0,"name":"Shaded","section":"Shading Mode"},"sceneLighting":false,"audioPlay":false,"sceneViewState":{"m_AlwaysRefresh":false,"showFog":false,"showSkybox":false,"showFlares":true,"showImageEffects":true,"showParticleSystems":true,"showVisualEffectGraphs":true,"m_FxEnabled":true},"in2DMode":false,"pivot":{"x":-0.006274059414863586,"y":0.5009999871253967,"z":0.0007767081260681152},"rotation":{"x":-0.11485300958156586,"y":0.37488827109336855,"z":-0.04425354301929474,"w":-0.9194774627685547},"size":0.2530611455440521,"orthographic":false}