{"cameraMode":{"drawMode":0,"name":"Shaded","section":"Shading Mode"},"sceneLighting":true,"audioPlay":false,"sceneViewState":{"m_AlwaysRefresh":false,"showFog":false,"showSkybox":false,"showFlares":true,"showImageEffects":true,"showParticleSystems":true,"showVisualEffectGraphs":true,"m_FxEnabled":true},"in2DMode":false,"pivot":{"x":1.1200165748596192,"y":5.7063727378845219,"z":14.341320991516114},"rotation":{"x":0.2944413125514984,"y":-0.45100361108779909,"z":0.16056768596172334,"w":0.8271312713623047},"size":2.8193509578704836,"orthographic":false}