{"cameraMode":{"drawMode":0,"name":"Shaded","section":"Shading Mode"},"sceneLighting":true,"audioPlay":false,"sceneViewState":{"m_AlwaysRefresh":false,"showFog":false,"showSkybox":false,"showFlares":true,"showImageEffects":true,"showParticleSystems":true,"showVisualEffectGraphs":true,"m_FxEnabled":true},"in2DMode":false,"pivot":{"x":0.20803473889827729,"y":-6.664567470550537,"z":20.284894943237306},"rotation":{"x":0.2102133184671402,"y":-0.07324554771184921,"z":0.015799302607774736,"w":0.9747880697250366},"size":12.12435531616211,"orthographic":true}