{"cameraMode":{"drawMode":0,"name":"Shaded","section":"Shading Mode"},"sceneLighting":true,"audioPlay":false,"sceneViewState":{"m_AlwaysRefresh":false,"showFog":true,"showSkybox":true,"showFlares":true,"showImageEffects":true,"showParticleSystems":true,"showVisualEffectGraphs":true,"m_FxEnabled":true},"in2DMode":false,"pivot":{"x":21.514684677124025,"y":8.963418006896973,"z":8.411347389221192},"rotation":{"x":-0.058118175715208057,"y":-0.4928527772426605,"z":0.03304491564631462,"w":-0.8676679134368897},"size":0.29354414343833926,"orthographic":true}