{"cameraMode":{"drawMode":0,"name":"Shaded","section":"Shading Mode"},"sceneLighting":true,"audioPlay":false,"sceneViewState":{"m_AlwaysRefresh":false,"showFog":false,"showSkybox":true,"showFlares":true,"showImageEffects":true,"showParticleSystems":true,"showVisualEffectGraphs":true,"m_FxEnabled":true},"in2DMode":false,"pivot":{"x":-47.35296630859375,"y":20.598094940185548,"z":-11.007963180541993},"rotation":{"x":-0.05408569425344467,"y":-0.34814831614494326,"z":0.020609715953469278,"w":-0.9358803033828735},"size":12.12435531616211,"orthographic":false}