{"cameraMode":{"drawMode":0,"name":"Shaded","section":"Shading Mode"},"sceneLighting":true,"audioPlay":false,"sceneViewState":{"m_AlwaysRefresh":false,"showFog":false,"showSkybox":true,"showFlares":true,"showImageEffects":true,"showParticleSystems":true,"showVisualEffectGraphs":true,"m_FxEnabled":true},"in2DMode":false,"pivot":{"x":-0.016861319541931154,"y":16.287700653076173,"z":91.36090850830078},"rotation":{"x":-0.0066047003492712978,"y":-0.004498651716858149,"z":0.00012134057033108547,"w":1.0000247955322266},"size":83.21350860595703,"orthographic":false}