{"cameraMode":{"drawMode":0,"name":"Shaded","section":"Shading Mode"},"sceneLighting":true,"audioPlay":false,"sceneViewState":{"m_AlwaysRefresh":false,"showFog":false,"showSkybox":true,"showFlares":true,"showImageEffects":true,"showParticleSystems":true,"showVisualEffectGraphs":true,"m_FxEnabled":true},"in2DMode":false,"pivot":{"x":1.351919412612915,"y":-20.277307510375978,"z":196.0717315673828},"rotation":{"x":-0.0007486341055482626,"y":0.9572988152503967,"z":-0.28921622037887576,"w":-0.0026001068763434889},"size":29.224491119384767,"orthographic":false}