{"cameraMode":{"drawMode":0,"name":"Shaded","section":"Shading Mode"},"sceneLighting":true,"audioPlay":false,"sceneViewState":{"m_AlwaysRefresh":false,"showFog":false,"showSkybox":true,"showFlares":true,"showImageEffects":true,"showParticleSystems":true,"showVisualEffectGraphs":true,"m_FxEnabled":true},"in2DMode":false,"pivot":{"x":2.0842082500457765,"y":2.6217544078826906,"z":70.02661895751953},"rotation":{"x":-0.05018969997763634,"y":-0.07997199147939682,"z":0.004475602880120277,"w":-0.9957364201545715},"size":11.504047393798829,"orthographic":false}