{"cameraMode":{"drawMode":0,"name":"Shaded","section":"Shading Mode"},"sceneLighting":false,"audioPlay":false,"sceneViewState":{"m_AlwaysRefresh":false,"showFog":false,"showSkybox":false,"showFlares":true,"showImageEffects":true,"showParticleSystems":true,"showVisualEffectGraphs":true,"m_FxEnabled":true},"in2DMode":false,"pivot":{"x":4.6829729080200199,"y":14.374256134033204,"z":163.48165893554688},"rotation":{"x":-0.027724532410502435,"y":-0.10401642322540283,"z":-0.006086687557399273,"w":0.9947478771209717},"size":20.742475509643556,"orthographic":false}