{"cameraMode":{"drawMode":0,"name":"Shaded","section":"Shading Mode"},"sceneLighting":true,"audioPlay":false,"sceneViewState":{"m_AlwaysRefresh":false,"showFog":true,"showSkybox":true,"showFlares":true,"showImageEffects":true,"showParticleSystems":true,"showVisualEffectGraphs":true,"m_FxEnabled":true},"in2DMode":false,"pivot":{"x":40.52117919921875,"y":23.778474807739259,"z":-0.25491586327552798},"rotation":{"x":0.333852082490921,"y":-0.4183535575866699,"z":0.16875262558460236,"w":0.8276875019073486},"size":1.8302390575408936,"orthographic":true}