{"cameraMode":{"drawMode":0,"name":"Shaded","section":"Shading Mode"},"sceneLighting":false,"audioPlay":false,"sceneViewState":{"m_AlwaysRefresh":false,"showFog":false,"showSkybox":false,"showFlares":true,"showImageEffects":true,"showParticleSystems":true,"showVisualEffectGraphs":true,"m_FxEnabled":true},"in2DMode":false,"pivot":{"x":-1.5764689445495606,"y":1.7849130630493165,"z":3.5042076110839845},"rotation":{"x":0.028341906145215036,"y":0.6988440155982971,"z":-0.03153000399470329,"w":0.7144594788551331},"size":0.8660253882408142,"orthographic":false}